{"cameraMode":{"drawMode":0,"name":"Shaded","section":"Shading Mode"},"sceneLighting":true,"audioPlay":false,"sceneViewState":{"showFog":true,"showMaterialUpdate":false,"showSkybox":true,"showFlares":true,"showImageEffects":true,"showParticleSystems":true},"in2DMode":false,"pivot":{"x":237.97665405273438,"y":-22.87444305419922,"z":103.45672607421875},"rotation":{"x":-0.1616000235080719,"y":0.2532689869403839,"z":-0.0429532527923584,"w":-0.9528396129608154},"size":185.85015869140626,"orthographic":false}