{"cameraMode":{"drawMode":0,"name":"Shaded","section":"Shading Mode"},"sceneLighting":false,"audioPlay":false,"sceneViewState":{"showFog":true,"showMaterialUpdate":false,"showSkybox":false,"showFlares":true,"showImageEffects":true,"showParticleSystems":true},"in2DMode":false,"pivot":{"x":-1.017472743988037,"y":0.12181854248046875,"z":1.3470090627670289},"rotation":{"x":0.3792220950126648,"y":0.5903081893920898,"z":-0.3662477433681488,"w":0.6112194657325745},"size":2.9945616722106935,"orthographic":false}